Event,Link,Price,Price Max
NextStep Amsterdam,https://www.eventbrite.com/e/nextstep-amsterdam-tickets-56119037552?aff=ebdssbdestsearch,€299 – €499,499.0
NextStep Amsterdam,https://www.eventbrite.com/e/nextstep-amsterdam-tickets-56119037552?aff=ebdssbdestsearch,€299 – €499,499.0
MUST in het Kurhaus,https://www.eventbrite.nl/e/tickets-must-in-het-kurhaus-63433514349?aff=ebdssbdestsearch,"€ 41,54 – € 320,74",320.74
Techorama 2019 NL,https://www.eventbrite.nl/e/techorama-2019-nl-registration-61149872916?aff=ebdssbdestsearch,"€687.03 – €1,435.77",1435.77
MUST in het Kurhaus,https://www.eventbrite.nl/e/tickets-must-in-het-kurhaus-63433514349?aff=ebdssbdestsearch,"€ 41,54 – € 320,74",320.74
Techorama 2019 NL,https://www.eventbrite.nl/e/techorama-2019-nl-registration-61149872916?aff=ebdssbdestsearch,"€687.03 – €1,435.77",1435.77
OnBrand '19,https://www.eventbrite.co.uk/e/onbrand-19-tickets-56909417600?aff=ebdssbdestsearch,€251.62 – €440.38,440.38
Digital Procurement World,https://www.eventbrite.de/e/digital-procurement-world-registration-53779144870?aff=ebdssbdestsearch,"€758.61 – €3,731.33",3731.33
OnBrand '19,https://www.eventbrite.co.uk/e/onbrand-19-tickets-56909417600?aff=ebdssbdestsearch,€251.62 – €440.38,440.38
Digital Procurement World,https://www.eventbrite.de/e/digital-procurement-world-registration-53779144870?aff=ebdssbdestsearch,"€758.61 – €3,731.33",3731.33
Webmaster Access Amsterdam 2019,https://www.eventbrite.com/e/webmaster-access-amsterdam-2019-tickets-59754729003?aff=ebdssbdestsearch,€450 – €650,650.0
Webmaster Access Amsterdam 2019,https://www.eventbrite.com/e/webmaster-access-amsterdam-2019-tickets-59754729003?aff=ebdssbdestsearch,€450 – €650,650.0
"hardwear.io Security Conference and Training, The Hague 2019",https://www.eventbrite.com/e/hardweario-security-conference-and-training-the-hague-2019-tickets-61091755084?aff=ebdssbdestsearch,"€137.49 – €2,779.46",2779.46
Hiring Success Europe,https://www.eventbrite.com/e/hiring-success-europe-tickets-59410024984?aff=ebdssbdestsearch,"€320.34 – €1,137.33",1137.33
"hardwear.io Security Conference and Training, The Hague 2019",https://www.eventbrite.com/e/hardweario-security-conference-and-training-the-hague-2019-tickets-61091755084?aff=ebdssbdestsearch,"€137.49 – €2,779.46",2779.46
Hiring Success Europe,https://www.eventbrite.com/e/hiring-success-europe-tickets-59410024984?aff=ebdssbdestsearch,"€320.34 – €1,137.33",1137.33
Wisdom in Business 2019,https://www.eventbrite.co.uk/e/wisdom-in-business-2019-tickets-61165563848?aff=ebdssbdestsearch,€251.62 – €440.38,440.38
Full Colour Innercircle ,https://www.eventbrite.nl/e/tickets-full-colour-innercircle-64971243739?aff=ebdssbdestsearch,"€ 32,50 – € 932,50",932.5
André Hazes & Live Band,https://www.eventbrite.nl/e/tickets-andre-hazes-live-band-57381183665?aff=ebdssbdestsearch,"€ 36,89 – € 355,55",355.55
"Schlagerfestival met oa BEATRICE EGLI EN DJ ÖTZI, HEIN SIMONS, VELE ANDERE",https://www.eventbrite.com/e/tickets-schlagerfestival-met-oa-beatrice-egli-en-dj-otzi-hein-simons-vele-andere-57989923422?aff=ebdssbdestsearch,"€ 39,40 – € 364,63",364.63
Emerce eDay 2019,https://www.eventbrite.nl/e/emerce-eday-2019-registration-53240156742?aff=ebdssbdestsearch,€350 – €595,595.0
Wisdom in Business 2019,https://www.eventbrite.co.uk/e/wisdom-in-business-2019-tickets-61165563848?aff=ebdssbdestsearch,€251.62 – €440.38,440.38
Full Colour Innercircle ,https://www.eventbrite.nl/e/tickets-full-colour-innercircle-64971243739?aff=ebdssbdestsearch,"€ 32,50 – € 932,50",932.5
André Hazes & Live Band,https://www.eventbrite.nl/e/tickets-andre-hazes-live-band-57381183665?aff=ebdssbdestsearch,"€ 36,89 – € 355,55",355.55
"Schlagerfestival met oa BEATRICE EGLI EN DJ ÖTZI, HEIN SIMONS, VELE ANDERE",https://www.eventbrite.com/e/tickets-schlagerfestival-met-oa-beatrice-egli-en-dj-otzi-hein-simons-vele-andere-57989923422?aff=ebdssbdestsearch,"€ 39,40 – € 364,63",364.63
Emerce eDay 2019,https://www.eventbrite.nl/e/emerce-eday-2019-registration-53240156742?aff=ebdssbdestsearch,€350 – €595,595.0
FRAUDtalks 2019,https://www.eventbrite.nl/e/fraudtalks-2019-tickets-59312217439?aff=ebdssbdestsearch,€121 – €302.50,302.5
FRAUDtalks 2019,https://www.eventbrite.nl/e/fraudtalks-2019-tickets-59312217439?aff=ebdssbdestsearch,€121 – €302.50,302.5
VR Days Europe 2019 5th Lustrum Edition,https://www.eventbrite.nl/e/vr-days-europe-2019-5th-lustrum-edition-tickets-39216173631?aff=ebdssbdestsearch,€69.42 – €432.58,432.58
14th International TYPO3 Conference 2019,https://www.eventbrite.com/e/14th-international-typo3-conference-2019-tickets-52352927014?aff=ebdssbdestsearch,€357 – €773.50,773.5
Telecompaper - De Impact van 5G op Nederland,https://www.eventbrite.nl/e/registratie-telecompaper-de-impact-van-5g-op-nederland-63971964869?aff=ebdssbdestsearch,"€ 272,25 – € 356,95",356.95
VR Days Europe 2019 5th Lustrum Edition,https://www.eventbrite.nl/e/vr-days-europe-2019-5th-lustrum-edition-tickets-39216173631?aff=ebdssbdestsearch,€69.42 – €432.58,432.58
14th International TYPO3 Conference 2019,https://www.eventbrite.com/e/14th-international-typo3-conference-2019-tickets-52352927014?aff=ebdssbdestsearch,€357 – €773.50,773.5
Telecompaper - De Impact van 5G op Nederland,https://www.eventbrite.nl/e/registratie-telecompaper-de-impact-van-5g-op-nederland-63971964869?aff=ebdssbdestsearch,"€ 272,25 – € 356,95",356.95
XP Days Benelux 2019,https://www.eventbrite.com/e/xp-days-benelux-2019-tickets-58133313305?aff=ebdssbdestsearch,€225 – €500,500.0
XP Days Benelux 2019,https://www.eventbrite.com/e/xp-days-benelux-2019-tickets-58133313305?aff=ebdssbdestsearch,€225 – €500,500.0
Performance Tuning in 21 Demos,https://www.eventbrite.nl/e/tickets-performance-tuning-in-21-demos-61939727392?aff=ebdssbdestsearch,"€ 378,72",378.72
Performance Tuning in 21 Demos,https://www.eventbrite.nl/e/tickets-performance-tuning-in-21-demos-61939727392?aff=ebdssbdestsearch,"€ 378,72",378.72
IAB Nederland #HTMIW19,https://www.eventbrite.nl/e/tickets-iab-nederland-htmiw19-63550491230?aff=ebdssbdestsearch,"€ 188,70 – € 314,54",314.54
Social Media Filtering & Verification / Facebook The Day After,https://www.eventbrite.com/e/social-media-filtering-verification-facebook-the-day-after-tickets-64237581335?aff=ebdssbdestsearch,€416.70 – €746.99,746.99
PPC Congress 2019 (Amsterdam) - Amazon Advertising Conference,https://www.eventbrite.co.uk/e/ppc-congress-2019-amsterdam-amazon-advertising-conference-tickets-63928505882?aff=ebdssbdestsearch,€533.41 – €960.03,960.03
The Alternative Protein Summit - Amsterdam,https://www.eventbrite.com/e/the-alternative-protein-summit-amsterdam-tickets-59590935091?aff=ebdssbdestsearch,€50 – €495,495.0
IAB Nederland #HTMIW19,https://www.eventbrite.nl/e/tickets-iab-nederland-htmiw19-63550491230?aff=ebdssbdestsearch,"€ 188,70 – € 314,54",314.54
Social Media Filtering & Verification / Facebook The Day After,https://www.eventbrite.com/e/social-media-filtering-verification-facebook-the-day-after-tickets-64237581335?aff=ebdssbdestsearch,€416.70 – €746.99,746.99
PPC Congress 2019 (Amsterdam) - Amazon Advertising Conference,https://www.eventbrite.co.uk/e/ppc-congress-2019-amsterdam-amazon-advertising-conference-tickets-63928505882?aff=ebdssbdestsearch,€533.41 – €960.03,960.03
The Alternative Protein Summit - Amsterdam,https://www.eventbrite.com/e/the-alternative-protein-summit-amsterdam-tickets-59590935091?aff=ebdssbdestsearch,€50 – €495,495.0
Petabridge 2019 Akka.NET Training Tour: Amsterdam - 2 Day Workshop,https://www.eventbrite.com/e/petabridge-2019-akkanet-training-tour-amsterdam-2-day-workshop-tickets-60316859350?aff=ebdssbdestsearch,"$1,592.94 – $2,123.38",2123.38
Davis-Thompson DVM Foundation European Symposium - Zoo Pathology,https://www.eventbrite.co.uk/e/davis-thompson-dvm-foundation-european-symposium-zoo-pathology-tickets-50901990223?aff=ebdssbdestsearch,€440,440.0
Behavioural Design Fest 2019,https://www.eventbrite.nl/e/tickets-behavioural-design-fest-2019-62567249327?aff=ebdssbdestsearch,€ 295 – € 495,495.0
Petabridge 2019 Akka.NET Training Tour: Amsterdam - 2 Day Workshop,https://www.eventbrite.com/e/petabridge-2019-akkanet-training-tour-amsterdam-2-day-workshop-tickets-60316859350?aff=ebdssbdestsearch,"$1,592.94 – $2,123.38",2123.38
Davis-Thompson DVM Foundation European Symposium - Zoo Pathology,https://www.eventbrite.co.uk/e/davis-thompson-dvm-foundation-european-symposium-zoo-pathology-tickets-50901990223?aff=ebdssbdestsearch,€440,440.0
Behavioural Design Fest 2019,https://www.eventbrite.nl/e/tickets-behavioural-design-fest-2019-62567249327?aff=ebdssbdestsearch,€ 295 – € 495,495.0
China - EU Semiconductor Summit,https://www.eventbrite.nl/e/tickets-china-eu-semiconductor-summit-63854217684?aff=ebdssbdestsearch,€ 100 – € 395,395.0
Start Your Scrum Master Learning Journey,https://www.eventbrite.co.uk/e/start-your-scrum-master-learning-journey-registration-59994539282?aff=ebdssbdestsearch,€410.18 – €473.10,473.1
China - EU Semiconductor Summit,https://www.eventbrite.nl/e/tickets-china-eu-semiconductor-summit-63854217684?aff=ebdssbdestsearch,€ 100 – € 395,395.0
Start Your Scrum Master Learning Journey,https://www.eventbrite.co.uk/e/start-your-scrum-master-learning-journey-registration-59994539282?aff=ebdssbdestsearch,€410.18 – €473.10,473.1
"IDnext '19 - The European Digital IDentity (un)-conference, The Netherlands.I",https://www.eventbrite.nl/e/idnext-19-the-european-digital-identity-un-conference-the-netherlands-tickets-51678669291?aff=ebdssbdestsearch,€82.99 – €586.35,586.35
Professional Scrum Master II,https://www.eventbrite.co.uk/e/professional-scrum-master-ii-registration-43165048823?aff=ebdssbdestsearch,"€1,808.95",1808.95
Onboard.Amsterdam 2019,https://www.eventbrite.co.uk/e/onboardamsterdam-2019-tickets-59222492068?aff=ebdssbdestsearch,€188.70 – €630.40,630.4
Liberating Structures Immersion Workshop,https://www.eventbrite.co.uk/e/liberating-structures-immersion-workshop-tickets-51555867989?aff=ebdssbdestsearch,€756.24 – €945,945.0
"IDnext '19 - The European Digital IDentity (un)-conference, The Netherlands.I",https://www.eventbrite.nl/e/idnext-19-the-european-digital-identity-un-conference-the-netherlands-tickets-51678669291?aff=ebdssbdestsearch,€82.99 – €586.35,586.35
Professional Scrum Master II,https://www.eventbrite.co.uk/e/professional-scrum-master-ii-registration-43165048823?aff=ebdssbdestsearch,"€1,808.95",1808.95
Onboard.Amsterdam 2019,https://www.eventbrite.co.uk/e/onboardamsterdam-2019-tickets-59222492068?aff=ebdssbdestsearch,€188.70 – €630.40,630.4
Liberating Structures Immersion Workshop,https://www.eventbrite.co.uk/e/liberating-structures-immersion-workshop-tickets-51555867989?aff=ebdssbdestsearch,€756.24 – €945,945.0
Incose EMEA Workshop 2019,https://www.eventbrite.nl/e/incose-emea-workshop-2019-tickets-61626058199?aff=ebdssbdestsearch,€295 – €495,495.0
Full Colour Innercircle The Special,https://www.eventbrite.nl/e/tickets-full-colour-innercircle-the-special-64973436297?aff=ebdssbdestsearch,"€ 32,50 – € 932,50",932.5
SquashSkills Coaching Camp: The Willstrop Experience,https://www.eventbrite.co.uk/e/squashskills-coaching-camp-the-willstrop-experience-tickets-63423311833?aff=ebdssbdestsearch,£325 – £375,375.0
Incose EMEA Workshop 2019,https://www.eventbrite.nl/e/incose-emea-workshop-2019-tickets-61626058199?aff=ebdssbdestsearch,€295 – €495,495.0
Full Colour Innercircle The Special,https://www.eventbrite.nl/e/tickets-full-colour-innercircle-the-special-64973436297?aff=ebdssbdestsearch,"€ 32,50 – € 932,50",932.5
SquashSkills Coaching Camp: The Willstrop Experience,https://www.eventbrite.co.uk/e/squashskills-coaching-camp-the-willstrop-experience-tickets-63423311833?aff=ebdssbdestsearch,£325 – £375,375.0
De Tekendag - Leer visueel communiceren in één inspirerende dag!,https://www.eventbrite.nl/e/tickets-de-tekendag-leer-visueel-communiceren-in-een-inspirerende-dag-55207455987?aff=ebdssbdestsearch,"€ 325,49 – € 361,79",361.79
Tweedaagse training CooL Ede 9 oktober en 6 november 2019,https://www.eventbrite.nl/e/tickets-tweedaagse-training-cool-ede-9-oktober-en-6-november-2019-59101049831?aff=ebdssbdestsearch,€ 345,345.0
Emotional CPR Training,https://www.eventbrite.com/e/emotional-cpr-training-tickets-62856186546?aff=ebdssbdestsearch,€106.04 – €315.72,315.72
De Tekendag - Leer visueel communiceren in één inspirerende dag!,https://www.eventbrite.nl/e/tickets-de-tekendag-leer-visueel-communiceren-in-een-inspirerende-dag-55207455987?aff=ebdssbdestsearch,"€ 325,49 – € 361,79",361.79
Tweedaagse training CooL Ede 9 oktober en 6 november 2019,https://www.eventbrite.nl/e/tickets-tweedaagse-training-cool-ede-9-oktober-en-6-november-2019-59101049831?aff=ebdssbdestsearch,€ 345,345.0
Emotional CPR Training,https://www.eventbrite.com/e/emotional-cpr-training-tickets-62856186546?aff=ebdssbdestsearch,€106.04 – €315.72,315.72
Azure Data Factory Deep Dive,https://www.eventbrite.nl/e/tickets-azure-data-factory-deep-dive-61942114532?aff=ebdssbdestsearch,"€ 378,72",378.72
Address The Elephant: How To Navigate Conflict In Teams With Liberating Structur,https://www.eventbrite.co.uk/e/address-the-elephant-how-to-navigate-conflict-in-teams-with-liberating-structures-tickets-62704039470?aff=ebdssbdestsearch,€504.56 – €630.40,630.4
AGILE NXT Future Friday ,https://www.eventbrite.com/e/agile-nxt-future-friday-tickets-64522703142?aff=ebdssbdestsearch,€313.39 – €441.65,441.65
Azure Data Factory Deep Dive,https://www.eventbrite.nl/e/tickets-azure-data-factory-deep-dive-61942114532?aff=ebdssbdestsearch,"€ 378,72",378.72
Address The Elephant: How To Navigate Conflict In Teams With Liberating Structur,https://www.eventbrite.co.uk/e/address-the-elephant-how-to-navigate-conflict-in-teams-with-liberating-structures-tickets-62704039470?aff=ebdssbdestsearch,€504.56 – €630.40,630.4
AGILE NXT Future Friday ,https://www.eventbrite.com/e/agile-nxt-future-friday-tickets-64522703142?aff=ebdssbdestsearch,€313.39 – €441.65,441.65
The Murder Trial Live | AMSTERDAM 16/10/19,https://www.eventbrite.co.uk/e/the-murder-trial-live-amsterdam-161019-tickets-63654554486?aff=ebdssbdestsearch,"€91.80 – €1,120.49",1120.49
De Duin en Kruidberg Voedingsdagen 2019,https://www.eventbrite.nl/e/tickets-de-duin-en-kruidberg-voedingsdagen-2019-64166655193?aff=ebdssbdestsearch,€ 250 – € 450,450.0
Emerce Updates: YouTube,https://www.eventbrite.nl/e/registratie-emerce-updates-youtube-61865797265?aff=ebdssbdestsearch,€ 395 – € 595,595.0
Digital Analytics Congres 2019,https://www.eventbrite.nl/e/tickets-digital-analytics-congres-2019-63474775763?aff=ebdssbdestsearch,€ 95 – € 395,395.0
The Murder Trial Live | AMSTERDAM 16/10/19,https://www.eventbrite.co.uk/e/the-murder-trial-live-amsterdam-161019-tickets-63654554486?aff=ebdssbdestsearch,"€91.80 – €1,120.49",1120.49
De Duin en Kruidberg Voedingsdagen 2019,https://www.eventbrite.nl/e/tickets-de-duin-en-kruidberg-voedingsdagen-2019-64166655193?aff=ebdssbdestsearch,€ 250 – € 450,450.0
Emerce Updates: YouTube,https://www.eventbrite.nl/e/registratie-emerce-updates-youtube-61865797265?aff=ebdssbdestsearch,€ 395 – € 595,595.0
Digital Analytics Congres 2019,https://www.eventbrite.nl/e/tickets-digital-analytics-congres-2019-63474775763?aff=ebdssbdestsearch,€ 95 – € 395,395.0
SuriCon 2019,https://www.eventbrite.com/e/suricon-2019-tickets-57793689481?aff=ebdssbdestsearch,$266.85 – $425.98,425.98
SuriCon 2019,https://www.eventbrite.com/e/suricon-2019-tickets-57793689481?aff=ebdssbdestsearch,$266.85 – $425.98,425.98
Professional Scrum with Kanban,https://www.eventbrite.co.uk/e/professional-scrum-with-kanban-registration-55697123596?aff=ebdssbdestsearch,"€1,808.95",1808.95
Scrum Event 2019 | Jouw Volgende Stap in Agile?,https://www.eventbrite.nl/e/tickets-scrum-event-2019-jouw-volgende-stap-in-agile-62347268358?aff=ebdssbdestsearch,"€ 271,75 – € 372,43",372.43
Professional Scrum with Kanban,https://www.eventbrite.co.uk/e/professional-scrum-with-kanban-registration-55697123596?aff=ebdssbdestsearch,"€1,808.95",1808.95
Scrum Event 2019 | Jouw Volgende Stap in Agile?,https://www.eventbrite.nl/e/tickets-scrum-event-2019-jouw-volgende-stap-in-agile-62347268358?aff=ebdssbdestsearch,"€ 271,75 – € 372,43",372.43
SketchUp 3D Basecamp Benelux 2019,https://www.eventbrite.nl/e/sketchup-3d-basecamp-benelux-2019-tickets-63744334019?aff=ebdssbdestsearch,€32.51 – €339.33,339.33
Codemotion Amsterdam 2020 Tech Conference,https://www.eventbrite.co.uk/e/codemotion-amsterdam-2020-tech-conference-tickets-59101946513?aff=ebdssbdestsearch,€100 – €580,580.0
AMSTERDAM TECH JOB FAIR AUTUMN 2019,https://www.eventbrite.co.uk/e/amsterdam-tech-job-fair-autumn-2019-tickets-53543227234?aff=ebdssbdestsearch,"€0 – €2,038.74",2038.74
Wonen in vernieuwde steden,https://www.eventbrite.nl/e/tickets-wonen-in-vernieuwde-steden-63656949650?aff=ebdssbdestsearch,"€ 341,93",341.93
SketchUp 3D Basecamp Benelux 2019,https://www.eventbrite.nl/e/sketchup-3d-basecamp-benelux-2019-tickets-63744334019?aff=ebdssbdestsearch,€32.51 – €339.33,339.33
Codemotion Amsterdam 2020 Tech Conference,https://www.eventbrite.co.uk/e/codemotion-amsterdam-2020-tech-conference-tickets-59101946513?aff=ebdssbdestsearch,€100 – €580,580.0
AMSTERDAM TECH JOB FAIR AUTUMN 2019,https://www.eventbrite.co.uk/e/amsterdam-tech-job-fair-autumn-2019-tickets-53543227234?aff=ebdssbdestsearch,"€0 – €2,038.74",2038.74
Wonen in vernieuwde steden,https://www.eventbrite.nl/e/tickets-wonen-in-vernieuwde-steden-63656949650?aff=ebdssbdestsearch,"€ 341,93",341.93
Opslagtanks 2019 | 14 november 2019 | Dordrecht,https://www.eventbrite.nl/e/tickets-opslagtanks-2019-14-november-2019-dordrecht-63325634678?aff=ebdssbdestsearch,€ 799,799.0
Opslagtanks 2019 | 14 november 2019 | Dordrecht,https://www.eventbrite.nl/e/tickets-opslagtanks-2019-14-november-2019-dordrecht-63325634678?aff=ebdssbdestsearch,€ 799,799.0
Fietssafari maaltijdbezorging,https://www.eventbrite.nl/e/tickets-fietssafari-maaltijdbezorging-64162275092?aff=ebdssbdestsearch,"€ 0 – € 598,94",598.94
Fietssafari maaltijdbezorging,https://www.eventbrite.nl/e/tickets-fietssafari-maaltijdbezorging-64162275092?aff=ebdssbdestsearch,"€ 0 – € 598,94",598.94
NewTechKids 2019 Summer Computer Science & Maker Education Bootcamp for 8-12 Yrs: 5 daily workshop,https://www.eventbrite.com/e/newtechkids-2019-summer-computer-science-maker-education-bootcamp-for-8-12-yrs-5-daily-workshops-registration-58436436956?aff=ebdssbdestsearch,€303.21,303.21
NewTechKids 2019 Summer Computer Science & Maker Education Bootcamp for 8-12 Yrs: 5 daily workshop,https://www.eventbrite.com/e/newtechkids-2019-summer-computer-science-maker-education-bootcamp-for-8-12-yrs-5-daily-workshops-registration-58436436956?aff=ebdssbdestsearch,€303.21,303.21
Agile Open Holland 2019,https://www.eventbrite.nl/e/agile-open-holland-2019-tickets-59939118517?aff=ebdssbdestsearch,€30 – €450,450.0
DevOps Summit Amsterdam 2019,https://www.eventbrite.com/e/devops-summit-amsterdam-2019-tickets-60582846926?aff=ebdssbdestsearch,€361.79 – €845.79,845.79
Enterprise Business Intelligence with Power BI,https://www.eventbrite.nl/e/tickets-enterprise-business-intelligence-with-power-bi-62438538349?aff=ebdssbdestsearch,"€ 378,72",378.72
Agile Open Holland 2019,https://www.eventbrite.nl/e/agile-open-holland-2019-tickets-59939118517?aff=ebdssbdestsearch,€30 – €450,450.0
DevOps Summit Amsterdam 2019,https://www.eventbrite.com/e/devops-summit-amsterdam-2019-tickets-60582846926?aff=ebdssbdestsearch,€361.79 – €845.79,845.79
Enterprise Business Intelligence with Power BI,https://www.eventbrite.nl/e/tickets-enterprise-business-intelligence-with-power-bi-62438538349?aff=ebdssbdestsearch,"€ 378,72",378.72
Serious Game Facilitator workshop,https://www.eventbrite.com/e/serious-game-facilitator-workshop-tickets-61304455276?aff=ebdssbdestsearch,€498.27 – €749.95,749.95
Studyportals Academy 2019,https://www.eventbrite.com/e/studyportals-academy-2019-tickets-64305177517?aff=ebdssbdestsearch,€545.32 – €755,755.0
Serious Game Facilitator workshop,https://www.eventbrite.com/e/serious-game-facilitator-workshop-tickets-61304455276?aff=ebdssbdestsearch,€498.27 – €749.95,749.95
Studyportals Academy 2019,https://www.eventbrite.com/e/studyportals-academy-2019-tickets-64305177517?aff=ebdssbdestsearch,€545.32 – €755,755.0
Liberate Strategy with Strategy Knotworking,https://www.eventbrite.co.uk/e/liberate-strategy-with-strategy-knotworking-tickets-62703647297?aff=ebdssbdestsearch,€504.56 – €630.40,630.4
Liberate Strategy with Strategy Knotworking,https://www.eventbrite.co.uk/e/liberate-strategy-with-strategy-knotworking-tickets-62703647297?aff=ebdssbdestsearch,€504.56 – €630.40,630.4
Mortgage Tech | 3 oktober 2019,https://www.eventbrite.nl/e/tickets-mortgage-tech-3-oktober-2019-55346637282?aff=ebdssbdestsearch,€ 299 – € 799,799.0
Club Caribbean @Supperclub Cruise,https://www.eventbrite.nl/e/tickets-club-caribbean-supperclub-cruise-63510702220?aff=ebdssbdestsearch,"€ 14,12 – € 350",350.0
Training Praatplaat tekenen,https://www.eventbrite.nl/e/tickets-training-praatplaat-tekenen-45196987406?aff=ebdssbdestsearch,"€ 298,87 – € 361,79",361.79
Mortgage Tech | 3 oktober 2019,https://www.eventbrite.nl/e/tickets-mortgage-tech-3-oktober-2019-55346637282?aff=ebdssbdestsearch,€ 299 – € 799,799.0
Club Caribbean @Supperclub Cruise,https://www.eventbrite.nl/e/tickets-club-caribbean-supperclub-cruise-63510702220?aff=ebdssbdestsearch,"€ 14,12 – € 350",350.0
Training Praatplaat tekenen,https://www.eventbrite.nl/e/tickets-training-praatplaat-tekenen-45196987406?aff=ebdssbdestsearch,"€ 298,87 – € 361,79",361.79
Maintenance of Aging Assets | 17 september 2019 | Dordrecht,https://www.eventbrite.nl/e/tickets-maintenance-of-aging-assets-17-september-2019-dordrecht-57778663538?aff=ebdssbdestsearch,€ 250 – € 699,699.0
Maintenance of Aging Assets | 17 september 2019 | Dordrecht,https://www.eventbrite.nl/e/tickets-maintenance-of-aging-assets-17-september-2019-dordrecht-57778663538?aff=ebdssbdestsearch,€ 250 – € 699,699.0
Amsterdam | Nmbrs® Accountant voor gevorderden,https://www.eventbrite.nl/e/registratie-amsterdam-nmbrs-accountant-voor-gevorderden-42939988662?aff=ebdssbdestsearch,"€ 301,29",301.29
Emerce Performance 2019,https://www.eventbrite.nl/e/registratie-emerce-performance-2019-53049026065?aff=ebdssbdestsearch,€ 295 – € 495,495.0
Amsterdam | Nmbrs® Accountant voor gevorderden,https://www.eventbrite.nl/e/registratie-amsterdam-nmbrs-accountant-voor-gevorderden-42939988662?aff=ebdssbdestsearch,"€ 301,29",301.29
Emerce Performance 2019,https://www.eventbrite.nl/e/registratie-emerce-performance-2019-53049026065?aff=ebdssbdestsearch,€ 295 – € 495,495.0
"Automation, Builds & Containers for DevOps",https://www.eventbrite.nl/e/tickets-automation-builds-containers-for-devops-61948303042?aff=ebdssbdestsearch,"€ 378,72",378.72
Training 'Nieuws maken met de smartphone',https://www.eventbrite.nl/e/registratie-training-nieuws-maken-met-de-smartphone-28333389932?aff=ebdssbdestsearch,"€ 695,75",695.75
Masterclass leergroei in beeld,https://www.eventbrite.nl/e/tickets-masterclass-leergroei-in-beeld-61986506309?aff=ebdssbdestsearch,"€ 473,10 – € 605",605.0
"Automation, Builds & Containers for DevOps",https://www.eventbrite.nl/e/tickets-automation-builds-containers-for-devops-61948303042?aff=ebdssbdestsearch,"€ 378,72",378.72
Training 'Nieuws maken met de smartphone',https://www.eventbrite.nl/e/registratie-training-nieuws-maken-met-de-smartphone-28333389932?aff=ebdssbdestsearch,"€ 695,75",695.75
Masterclass leergroei in beeld,https://www.eventbrite.nl/e/tickets-masterclass-leergroei-in-beeld-61986506309?aff=ebdssbdestsearch,"€ 473,10 – € 605",605.0
Digitaal tekenen met iPad en Procreate,https://www.eventbrite.nl/e/tickets-digitaal-tekenen-met-ipad-en-procreate-51959613603?aff=ebdssbdestsearch,"€ 301,29 – € 361,79",361.79
Digitaal tekenen met iPad en Procreate,https://www.eventbrite.nl/e/tickets-digitaal-tekenen-met-ipad-en-procreate-51959613603?aff=ebdssbdestsearch,"€ 301,29 – € 361,79",361.79
Professional Scrum Master,https://www.eventbrite.co.uk/e/professional-scrum-master-registration-43392216287?aff=ebdssbdestsearch,"€1,808.95",1808.95
Professional Scrum Master,https://www.eventbrite.co.uk/e/professional-scrum-master-registration-43392216287?aff=ebdssbdestsearch,"€1,808.95",1808.95
Cultures of Thinking: Creating Places Where Thinking is Valued Visible and Actively P,https://www.eventbrite.com/e/cultures-of-thinking-creating-places-where-thinking-is-valued-visible-and-actively-promoted-tickets-58063618847?aff=ebdssbdestsearch,€300 – €900,900.0
Cultures of Thinking: Creating Places Where Thinking is Valued Visible and Actively P,https://www.eventbrite.com/e/cultures-of-thinking-creating-places-where-thinking-is-valued-visible-and-actively-promoted-tickets-58063618847?aff=ebdssbdestsearch,€300 – €900,900.0
PBPK Modeling and quantitative in vitro-in vivo extrapolations,https://www.eventbrite.com/e/pbpk-modeling-and-quantitative-in-vitro-in-vivo-extrapolations-tickets-57351142812?aff=ebdssbdestsearch,€189.96 – €882.08,882.08
REDucation Netherlands - October 2019,https://www.eventbrite.co.uk/e/reducation-netherlands-october-2019-tickets-55903401579?aff=ebdssbdestsearch,"€1,267.19",1267.19
PBPK Modeling and quantitative in vitro-in vivo extrapolations,https://www.eventbrite.com/e/pbpk-modeling-and-quantitative-in-vitro-in-vivo-extrapolations-tickets-57351142812?aff=ebdssbdestsearch,€189.96 – €882.08,882.08
REDucation Netherlands - October 2019,https://www.eventbrite.co.uk/e/reducation-netherlands-october-2019-tickets-55903401579?aff=ebdssbdestsearch,"€1,267.19",1267.19
Bloomreach Connect Amsterdam | October 29,https://www.eventbrite.com/e/bloomreach-connect-amsterdam-october-29-tickets-65059160701?aff=ebdssbdestsearch,€359 – €599,599.0
Bloomreach Connect Amsterdam | October 29,https://www.eventbrite.com/e/bloomreach-connect-amsterdam-october-29-tickets-65059160701?aff=ebdssbdestsearch,€359 – €599,599.0
YZ Influencer Summit [Brands meet Influencers],https://www.eventbrite.com/e/yz-influencer-summit-brands-meet-influencers-tickets-66327769143?aff=ebdssbdestsearch,€126.53 – €898.80,898.8
YZ Influencer Summit [Brands meet Influencers],https://www.eventbrite.com/e/yz-influencer-summit-brands-meet-influencers-tickets-66327769143?aff=ebdssbdestsearch,€126.53 – €898.80,898.8
Mindvalley Intuition Training is coming back to Amsterdam,https://www.eventbrite.com/e/mindvalley-intuition-training-is-coming-back-to-amsterdam-tickets-59960877599?aff=ebdssbdestsearch,$291.39 – $498.39,498.39
"International Pediatrics, Infectious diseases and Healthcare Conference",https://www.eventbrite.com/e/international-pediatrics-infectious-diseases-and-healthcare-conference-tickets-62765719958?aff=ebdssbdestsearch,€587.49,587.49
Mindvalley Intuition Training is coming back to Amsterdam,https://www.eventbrite.com/e/mindvalley-intuition-training-is-coming-back-to-amsterdam-tickets-59960877599?aff=ebdssbdestsearch,$291.39 – $498.39,498.39
"International Pediatrics, Infectious diseases and Healthcare Conference",https://www.eventbrite.com/e/international-pediatrics-infectious-diseases-and-healthcare-conference-tickets-62765719958?aff=ebdssbdestsearch,€587.49,587.49
Hunting with Suricata (Network Security Monitoring) @ SuriCon,https://www.eventbrite.com/e/hunting-with-suricata-network-security-monitoring-suricon-tickets-55532508227?aff=ebdssbdestsearch,"$2,123.38",2123.38
GREGG BRADEN: HUMAN BY DESIGN,https://www.eventbrite.co.uk/e/gregg-braden-human-by-design-tickets-54642830176?aff=ebdssbdestsearch,€300 – €350,350.0
Weekend Met Dirk - Wim Hof Methode,https://www.eventbrite.nl/e/tickets-weekend-met-dirk-wim-hof-methode-58675201106?aff=ebdssbdestsearch,€ 350,350.0
Hunting with Suricata (Network Security Monitoring) @ SuriCon,https://www.eventbrite.com/e/hunting-with-suricata-network-security-monitoring-suricon-tickets-55532508227?aff=ebdssbdestsearch,"$2,123.38",2123.38
GREGG BRADEN: HUMAN BY DESIGN,https://www.eventbrite.co.uk/e/gregg-braden-human-by-design-tickets-54642830176?aff=ebdssbdestsearch,€300 – €350,350.0
Weekend Met Dirk - Wim Hof Methode,https://www.eventbrite.nl/e/tickets-weekend-met-dirk-wim-hof-methode-58675201106?aff=ebdssbdestsearch,€ 350,350.0
Svastha Yoga Therapy Amsterdam | M3,https://www.eventbrite.nl/e/svastha-yoga-therapy-amsterdam-m3-registration-52046146425?aff=ebdssbdestsearch,€756.19,756.19
Svastha Yoga Therapy Amsterdam | M3,https://www.eventbrite.nl/e/svastha-yoga-therapy-amsterdam-m3-registration-52046146425?aff=ebdssbdestsearch,€756.19,756.19
