Event,Link,Price
Shuttle bus tickets Amsterdam airport - Psy-Fi 2019,https://www.eventbrite.co.uk/e/shuttle-bus-tickets-amsterdam-airport-psy-fi-2019-tickets-64604412537?aff=ebdssbdestsearch,€31.72
Edwin in Concert 2019,https://www.eventbrite.nl/e/tickets-edwin-in-concert-2019-62426122212?aff=ebdssbdestsearch,"€ 25,45 – € 36,38"
De Rubberboot - Boot Editie zaterdag 24 augustus ,https://www.eventbrite.nl/e/tickets-de-rubberboot-boot-editie-zaterdag-24-augustus-61781326611?aff=ebdssbdestsearch,"€ 19,31 – € 24,52"
"Kannaway Super Academy | Amsterdam, Netherlands",https://www.eventbrite.com/e/kannaway-super-academy-amsterdam-netherlands-tickets-58438463016?aff=ebdssbdestsearch,€50 – €110
Urban Rebels,https://www.eventbrite.nl/e/tickets-urban-rebels-62992957632?aff=ebdssbdestsearch,"€ 22,20 – € 27,20"
Utopia Wereld Foodmarkt (familiemarkt: alle leeftijden) 11 augustus 2019 ,https://www.eventbrite.nl/e/tickets-utopia-wereld-foodmarkt-familiemarkt-alle-leeftijden-11-augustus-2019-65410054233?aff=ebdssbdestsearch,"€ 8,52"
Elvis tribute in Wageningen (Gelderland) 15-11-2019,https://www.eventbrite.nl/e/tickets-elvis-tribute-in-wageningen-gelderland-15-11-2019-59222784944?aff=ebdssbdestsearch,"€ 20,65 – € 200,65"
Festival The Brave 2019,https://www.eventbrite.nl/e/tickets-festival-the-brave-2019-58808753565?aff=ebdssbdestsearch,"€ 6,53 – € 32,25"
DE DRIE MUSKETIERS - 15 Aug,https://www.eventbrite.nl/e/tickets-de-drie-musketiers-15-aug-58823233876?aff=ebdssbdestsearch,"€ 8,50 – € 35"
Edwin Evers Band in Doorwerth (Gelderland)11-10-2019,https://www.eventbrite.nl/e/tickets-edwin-evers-band-in-doorwerth-gelderland11-10-2019-53435551172?aff=ebdssbdestsearch,"€ 26,65 – € 150,65"
DE DRIE MUSKETIERS - 24 Aug,https://www.eventbrite.nl/e/tickets-de-drie-musketiers-24-aug-58823714313?aff=ebdssbdestsearch,"€ 8,50 – € 35"
Trends for 2020 - Amsterdam,https://www.eventbrite.co.uk/e/trends-for-2020-amsterdam-tickets-60931635161?aff=ebdssbdestsearch,NaN
DE DRIE MUSKETIERS - 13 Aug,https://www.eventbrite.nl/e/tickets-de-drie-musketiers-13-aug-58823063366?aff=ebdssbdestsearch,"€ 8,50 – € 35"
DE DRIE MUSKETIERS - 22 Aug,https://www.eventbrite.nl/e/tickets-de-drie-musketiers-22-aug-58823522740?aff=ebdssbdestsearch,"€ 8,50 – € 35"
"Tango Beach Festival/Marathon The Hague, Netherlands",https://www.eventbrite.nl/e/tango-beach-festivalmarathon-the-hague-netherlands-tickets-61712300151?aff=ebdssbdestsearch,€11.68 – €58.86
Dance Classics | Gerard Ekdom,https://www.eventbrite.nl/e/tickets-dance-classics-gerard-ekdom-61569770842?aff=ebdssbdestsearch,"€ 16,78"
Qmusic The Party - 4uur FOUT! in Nieuwegein (Utrecht) 18-10-2019,https://www.eventbrite.nl/e/tickets-qmusic-the-party-4uur-fout-in-nieuwegein-utrecht-18-10-2019-51644111929?aff=ebdssbdestsearch,"€ 11,65 – € 76,65"
ABBA Tribute in Rosmalen (Noord-Brabant) 15-11-2019,https://www.eventbrite.nl/e/tickets-abba-tribute-in-rosmalen-noord-brabant-15-11-2019-53098160026?aff=ebdssbdestsearch,"€ 16,65 – € 100,65"
Webmaster Access Amsterdam 2019,https://www.eventbrite.com/e/webmaster-access-amsterdam-2019-tickets-59754729003?aff=ebdssbdestsearch,€450 – €650
Pot Still Festival,https://www.eventbrite.nl/e/tickets-pot-still-festival-59213723842?aff=ebdssbdestsearch,€ 35
Shuttle bus tickets Amsterdam airport - Psy-Fi 2019,https://www.eventbrite.co.uk/e/shuttle-bus-tickets-amsterdam-airport-psy-fi-2019-tickets-64604412537?aff=ebdssbdestsearch,€31.72
Edwin in Concert 2019,https://www.eventbrite.nl/e/tickets-edwin-in-concert-2019-62426122212?aff=ebdssbdestsearch,"€ 25,45 – € 36,38"
De Rubberboot - Boot Editie zaterdag 24 augustus ,https://www.eventbrite.nl/e/tickets-de-rubberboot-boot-editie-zaterdag-24-augustus-61781326611?aff=ebdssbdestsearch,"€ 19,31 – € 24,52"
"Kannaway Super Academy | Amsterdam, Netherlands",https://www.eventbrite.com/e/kannaway-super-academy-amsterdam-netherlands-tickets-58438463016?aff=ebdssbdestsearch,€50 – €110
Urban Rebels,https://www.eventbrite.nl/e/tickets-urban-rebels-62992957632?aff=ebdssbdestsearch,"€ 22,20 – € 27,20"
Utopia Wereld Foodmarkt (familiemarkt: alle leeftijden) 11 augustus 2019 ,https://www.eventbrite.nl/e/tickets-utopia-wereld-foodmarkt-familiemarkt-alle-leeftijden-11-augustus-2019-65410054233?aff=ebdssbdestsearch,"€ 8,52"
Elvis tribute in Wageningen (Gelderland) 15-11-2019,https://www.eventbrite.nl/e/tickets-elvis-tribute-in-wageningen-gelderland-15-11-2019-59222784944?aff=ebdssbdestsearch,"€ 20,65 – € 200,65"
Festival The Brave 2019,https://www.eventbrite.nl/e/tickets-festival-the-brave-2019-58808753565?aff=ebdssbdestsearch,"€ 6,53 – € 32,25"
DE DRIE MUSKETIERS - 15 Aug,https://www.eventbrite.nl/e/tickets-de-drie-musketiers-15-aug-58823233876?aff=ebdssbdestsearch,"€ 8,50 – € 35"
Edwin Evers Band in Doorwerth (Gelderland)11-10-2019,https://www.eventbrite.nl/e/tickets-edwin-evers-band-in-doorwerth-gelderland11-10-2019-53435551172?aff=ebdssbdestsearch,"€ 26,65 – € 150,65"
DE DRIE MUSKETIERS - 24 Aug,https://www.eventbrite.nl/e/tickets-de-drie-musketiers-24-aug-58823714313?aff=ebdssbdestsearch,"€ 8,50 – € 35"
Trends for 2020 - Amsterdam,https://www.eventbrite.co.uk/e/trends-for-2020-amsterdam-tickets-60931635161?aff=ebdssbdestsearch,NaN
DE DRIE MUSKETIERS - 13 Aug,https://www.eventbrite.nl/e/tickets-de-drie-musketiers-13-aug-58823063366?aff=ebdssbdestsearch,"€ 8,50 – € 35"
DE DRIE MUSKETIERS - 22 Aug,https://www.eventbrite.nl/e/tickets-de-drie-musketiers-22-aug-58823522740?aff=ebdssbdestsearch,"€ 8,50 – € 35"
"Tango Beach Festival/Marathon The Hague, Netherlands",https://www.eventbrite.nl/e/tango-beach-festivalmarathon-the-hague-netherlands-tickets-61712300151?aff=ebdssbdestsearch,€11.68 – €58.86
Dance Classics | Gerard Ekdom,https://www.eventbrite.nl/e/tickets-dance-classics-gerard-ekdom-61569770842?aff=ebdssbdestsearch,"€ 16,78"
Qmusic The Party - 4uur FOUT! in Nieuwegein (Utrecht) 18-10-2019,https://www.eventbrite.nl/e/tickets-qmusic-the-party-4uur-fout-in-nieuwegein-utrecht-18-10-2019-51644111929?aff=ebdssbdestsearch,"€ 11,65 – € 76,65"
ABBA Tribute in Rosmalen (Noord-Brabant) 15-11-2019,https://www.eventbrite.nl/e/tickets-abba-tribute-in-rosmalen-noord-brabant-15-11-2019-53098160026?aff=ebdssbdestsearch,"€ 16,65 – € 100,65"
Webmaster Access Amsterdam 2019,https://www.eventbrite.com/e/webmaster-access-amsterdam-2019-tickets-59754729003?aff=ebdssbdestsearch,€450 – €650
Pot Still Festival,https://www.eventbrite.nl/e/tickets-pot-still-festival-59213723842?aff=ebdssbdestsearch,€ 35
